{
  "metadata": {
    "name": "T-HentaiVN",
    "author": "vBookT",
    "version": 6,
    "source": "https://hentaivnx.us",
    "regexp": "(www.)?hentaivnx.[a-z]+/\\d+-[^/]+.us$",
    "description": "Đọc truyện trên trang HentaiVN",
    "locale": "vi_VN",
    "language": "javascript",
    "type": "comic",
    "tag": "nsfw"
  },
  "script": {
    "home": "home.js",
    "genre": "genre.js",
    "detail": "detail.js",
    "search": "search.js",
    "toc": "toc.js",
    "chap": "chap.js"
  }
}