{
  "metadata": {
    "name": "LxHentai",
    "author": "Nhocconsr",
    "version": 9,
    "source": "https://lxmanga.life",
    "regexp": "(www.)?(lxmanga|lxhentai).*?/truyen/.*",
    "description": "Đọc truyện trên trang lxmanga.life",
    "locale": "vi-VN",
    "language": "javascript",
    "type": "comic",
    "tag" : "nsfw"
  },
  "script": {
    "home": "home.js",
    "genre": "genre.js",
    "detail": "detail.js",
    "search": "search.js",
    "toc": "toc.js",
    "chap": "chap.js"
  }
}