{
  "metadata": {
    "name": "T-LxHentaiT",
    "author": "VbookT",
    "version": 3,
    "source": "https://lxmanga.click",
    "regexp": "(www.)?(lxmanga|lxhentai).*?/truyen/.*",
    "description": "Đọc truyện trên trang lxmanga.click",
    "locale": "vi-VN",
    "language": "javascript",
    "type": "comic",
    "tag" : "nsfw"
  },
  "script": {
    "home": "home.js",
    "genre": "genre.js",
    "detail": "detail.js",
    "search": "search.js",
    "toc": "toc.js",
    "chap": "chap.js"
  }
}