{
  "metadata": {
    "name": "T-Tang Thu Vien",
    "author": "VbookT",
    "version": 2,
    "source": "https://tangthuvien.net/",
    "regexp": "https://tangthuvien.net/.*",
    "description": "Extension for Tang Thu Vien",
    "locale": "vi_VN",
    "tag": "comic",
    "type": "novel"
  },
  "script": {
    "home": "home.js",
    "genre": "genre.js",
    "detail": "detail.js",
    "search": "search.js",
    "page": "page.js",
    "toc": "toc.js",
    "chap": "chap.js"
  }
}